Date,Close,MA_20,MA_50
2020-10-02,45.78133773803711,44.96820602416992,44.443978500366214
2020-10-05,46.391639709472656,45.04045486450195,44.46984924316406
2020-10-06,46.10443878173828,45.15084686279297,44.50816139221192
2020-10-07,47.27118682861328,45.28771533966064,44.57569175720215
2020-10-08,47.899436950683594,45.48561382293701,44.67664710998535
2020-10-09,47.40581512451172,45.64447135925293,44.76915641784668
2020-10-12,48.357154846191406,45.84506187438965,44.8853279876709
2020-10-13,48.312278747558594,46.01693267822266,44.99043960571289
2020-10-14,48.060977935791016,46.15963478088379,45.07572708129883
2020-10-15,48.33022689819336,46.31804256439209,45.170143661499026
2020-10-16,48.608463287353516,46.50965824127197,45.27048400878906
2020-10-19,48.985408782958984,46.72775020599365,45.38805625915527
2020-10-20,47.95328903198242,46.883914947509766,45.46362571716308
2020-10-21,48.016109466552734,47.09392910003662,45.55893997192383
2020-10-22,48.37510681152344,47.30663585662842,45.64348426818847
2020-10-23,43.25938034057617,47.22855434417725,45.6370223236084
2020-10-26,41.93107986450195,47.01719360351562,45.59807098388672
2020-10-27,40.96177291870117,46.7681381225586,45.53901557922363
2020-10-28,39.71425247192383,46.430230712890626,45.46003562927246
2020-10-29,39.58860778808594,46.06539821624756,45.384286651611326
2020-10-30,39.741180419921875,45.763390350341794,45.2965111541748
2020-11-02,39.902740478515625,45.43894538879395,45.20999267578125
2020-11-03,40.25275802612305,45.146361351013184,45.132987365722656
2020-11-04,41.015628814697266,44.833583450317384,45.066034164428714
2020-11-05,41.29587173461914,44.50340518951416,45.00253173828125
2020-11-06,41.033695220947266,44.18479919433594,44.936478271484376
2020-11-09,41.22354507446289,43.82811870574951,44.855733489990236
2020-11-10,41.07891082763672,43.46645030975342,44.76276191711426
2020-11-11,41.90156936645508,43.158479881286624,44.68911544799805
2020-11-12,40.63593292236328,42.77376518249512,44.5639493560791
2020-11-13,41.096988677978516,42.39819145202637,44.48139137268066
2020-11-16,41.756927490234375,42.036767387390135,44.417596664428714
2020-11-17,41.160274505615234,41.697116661071775,44.36287017822266
2020-11-18,40.735382080078125,41.33308029174805,44.28690147399902
2020-11-19,41.241641998291016,40.976407051086426,44.23290496826172
2020-11-20,41.033695220947266,40.86512279510498,44.1690055847168
2020-11-23,41.639408111572266,40.850539207458496,44.1148868560791
2020-11-24,42.49822998046875,40.927362060546876,44.06735420227051
2020-11-25,42.53438949584961,41.068368911743164,44.01390327453613
2020-11-27,42.89600372314453,41.23373870849609,43.968581924438475
2020-11-30,43.70962142944336,41.43216075897217,43.947251358032226
2020-12-01,44.80349349975586,41.67719841003418,43.950849838256836
2020-12-02,45.110862731933594,41.92010364532471,43.95646720886231
2020-12-03,46.09625244140625,42.17413482666016,44.00207572937012
2020-12-04,47.000274658203125,42.45935497283936,44.05966178894043
2020-12-07,45.38206481933594,42.67677345275879,44.070882873535155
2020-12-08,45.825035095214844,42.90684795379639,44.06421768188476
2020-12-09,45.264549255371094,43.116129875183105,44.05065101623535
2020-12-10,45.43630599975586,43.292866706848145,44.029929122924806
2020-12-11,44.95716857910156,43.50892848968506,43.99136734008789
2020-12-14,45.62615966796875,43.73538703918457,43.98826377868652
2020-12-15,45.80695724487305,43.9378885269165,43.97657012939453
2020-12-16,46.213775634765625,44.19056358337402,43.97875686645508
2020-12-17,45.78888702392578,44.44323883056641,43.94911087036133
2020-12-18,42.9050407409668,44.5264087677002,43.84922294616699
2020-12-21,41.91061782836914,44.57025489807129,43.73931900024414
2020-12-22,41.73884582519531,44.57522678375244,43.606952819824215
2020-12-23,42.100460052490234,44.555338287353514,43.482716445922854
2020-12-24,42.552467346191406,44.55624217987061,43.37254623413086
2020-12-28,42.552467346191406,44.53906536102295,43.25699104309082
2020-12-29,44.64980697631836,44.586074638366696,43.17781791687012
2020-12-30,44.071231842041016,44.54946155548096,43.07953437805176
2020-12-31,45.03854751586914,44.54584579467773,43.02123954772949
2021-01-04,44.90293884277344,44.48618011474609,42.958976135253906
2021-01-05,45.752723693847656,44.42380256652832,42.90652847290039
2021-01-06,46.1956901550293,44.46448383331299,42.965254669189456
2021-01-07,47.181068420410156,44.53228549957275,43.070254440307615
2021-01-08,46.692909240722656,44.60370349884033,43.184877166748045
2021-01-11,46.59346389770508,44.66156139373779,43.32246139526367
2021-01-12,48.130306243896484,44.82021827697754,43.49329536437988
2021-01-13,51.48424530029297,45.11312255859375,43.728156661987306
2021-01-14,53.563499450683594,45.500949668884275,44.00137184143066
2021-01-15,52.053775787353516,45.79294967651367,44.23739219665527
2021-01-19,52.4244270324707,46.12472667694092,44.465568161010744
2021-01-20,53.039161682128906,46.631432723999026,44.70043395996094
2021-01-21,56.465415954589844,47.359172630310056,45.00906837463379
2021-01-22,51.222076416015625,47.83333415985108,45.209039001464845
2021-01-25,50.11916732788086,48.234269523620604,45.38984413146973
2021-01-26,49.91123962402344,48.60220813751221,45.55003753662109
2021-01-27,48.446712493896484,48.896920394897464,45.706253128051756
2021-01-28,50.68869400024414,49.19886474609375,45.89808723449707
2021-01-29,50.18244171142578,49.50442523956299,46.0665975189209
2021-02-01,51.24919128417969,49.81495742797851,46.268375854492184
2021-02-02,52.43346405029297,50.191483688354495,46.50233749389648
2021-02-03,52.1441764831543,50.51105632781982,46.72038818359375
2021-02-04,53.47024917602539,50.874784278869626,46.969119262695315
2021-02-05,52.91545104980469,51.16150341033936,47.19464012145996
2021-02-08,53.806766510009766,51.51719627380371,47.42081085205078
2021-02-09,53.46113967895508,51.86058006286621,47.63934585571289
2021-02-10,53.53392028808594,52.130760765075685,47.85210418701172
2021-02-11,55.17104721069336,52.315100860595706,48.08133270263672
2021-02-12,56.21697998046875,52.44777488708496,48.309602432250976
2021-02-16,56.8172607421875,52.68594913482666,48.543730392456055
2021-02-17,56.253353118896484,52.877395439147946,48.746872406005856
2021-02-18,56.03507614135742,53.027191162109375,48.927568435668945
2021-02-19,57.30839157104492,53.06933994293213,49.16609497070313
2021-02-22,55.21650695800781,53.26906147003174,49.353924407958985
2021-02-23,55.58940887451172,53.54257354736328,49.5604216003418
2021-02-24,57.472110748291016,53.92061710357666,49.8011376953125
2021-02-25,54.9345588684082,54.245009422302246,50.00068550109863
2021-02-26,55.28017807006836,54.47458362579346,50.19376586914063
2021-03-01,57.190155029296875,54.82496929168701,50.421429824829104
2021-03-02,55.69855499267578,55.047437477111814,50.6111254119873
2021-03-03,54.47981262207031,55.14975490570068,50.784943923950195
2021-03-04,53.05187225341797,55.195139694213864,50.98788055419922
2021-03-05,55.24380111694336,55.283817291259766,51.254544219970704
2021-03-08,54.434326171875,55.35976104736328,51.508453826904294
2021-03-09,56.99916076660156,55.519380760192874,51.806427841186526
2021-03-10,56.61716079711914,55.677181816101076,52.08772171020508
2021-03-11,57.58124542236328,55.87954807281494,52.38829727172852
2021-03-12,57.208351135253906,55.98141326904297,52.63946815490723
2021-03-15,58.01780700683594,56.07145462036133,52.91839965820313
2021-03-16,58.91822814941406,56.17650299072265,53.19599327087403
2021-03-17,59.82773971557617,56.35522232055664,53.49448928833008
2021-03-18,57.96323776245117,56.451630401611325,53.73869956970215
2021-03-19,57.99052429199219,56.485737037658694,53.97459625244141
2021-03-22,59.69131851196289,56.70947761535645,54.224801254272464
2021-03-23,57.73585510253906,56.81679992675781,54.44566017150879
2021-03-24,56.42616653442383,56.764502716064456,54.642314224243165
2021-03-25,56.40797805786133,56.83817367553711,54.80786766052246
2021-03-26,59.000083923339844,57.024168968200684,54.9581844329834
2021-03-29,58.6635627746582,57.09783935546875,55.06018569946289
2021-03-30,57.99962615966797,57.21289291381836,55.17910270690918
2021-03-31,58.20880889892578,57.399342727661136,55.29479034423828
2021-04-01,58.70904541015625,57.68220138549805,55.408188018798825
2021-04-05,60.51897430419922,57.94596004486084,55.48925918579101
2021-04-06,59.62763595581055,58.20562553405762,55.65737037658691
2021-04-07,60.25520706176758,58.36842784881592,55.86009117126465
2021-04-08,60.98282241821289,58.586710929870605,56.08152282714844
2021-04-09,62.08333206176758,58.81181526184082,56.35425521850586
2021-04-12,59.49123001098633,58.92595920562744,56.5303059387207
2021-04-13,59.318416595458984,58.990989685058594,56.71302543640137
2021-04-14,58.38161849975586,58.964159202575686,56.85567398071289
2021-04-15,59.13651657104492,58.929598045349124,56.98973503112793
2021-04-16,58.89094543457031,58.975983428955075,57.12467041015625
2021-04-19,57.87229537963867,58.970071983337405,57.212711334228516
2021-04-20,57.02644348144531,58.83682823181152,57.294931182861326
2021-04-21,57.935951232910156,58.846833038330075,57.377514877319335
2021-04-22,56.908206939697266,58.87093505859375,57.44645622253418
2021-04-23,53.87953567504883,58.744512939453124,57.45336853027344
2021-04-26,53.442962646484375,58.466656875610354,57.418806838989255
2021-04-27,52.724449157714844,58.169701194763185,57.34895622253418
2021-04-28,52.4061164855957,57.89002571105957,57.26073333740234
2021-04-29,53.00639343261719,57.62990493774414,57.19579414367676
2021-04-30,52.324256896972656,57.31066551208496,57.121577758789066
2021-05-03,52.078697204589844,56.88865165710449,57.01698387145996
2021-05-04,51.75126647949219,56.49483318328858,56.94767906188965
2021-05-05,51.70579147338867,56.06736240386963,56.870006713867184
2021-05-06,52.33539962768555,55.63499126434326,56.76727249145508
2021-05-07,52.77465057373047,55.16955718994141,56.724074325561524
2021-05-10,51.218963623046875,54.755943870544435,56.64285003662109
2021-05-11,50.367897033691406,54.308417892456056,56.506404876708984
2021-05-12,49.06843566894531,53.84275875091553,56.373802490234375
2021-05-13,49.425331115722656,53.35719947814941,56.27271286010742
2021-05-14,50.65157699584961,52.94523105621338,56.224706954956055
2021-05-17,50.63328552246094,52.58328056335449,56.1324966430664
2021-05-18,50.184871673583984,52.24120197296143,56.04750755310059
2021-05-19,50.66073989868164,51.87744140625,55.92073913574219
2021-05-20,51.200653076171875,51.59206371307373,55.812408981323244
2021-05-21,51.31961441040039,51.46406764984131,55.687176361083985
2021-05-24,52.12491989135742,51.39816551208496,55.585507736206054
2021-05-25,52.04255676269531,51.364070892333984,55.46600273132324
2021-05-26,52.088314056396484,51.34818077087402,55.32940444946289
2021-05-27,52.82955551147461,51.339338874816896,55.18944076538086
2021-05-28,52.271331787109375,51.33669261932373,55.07560264587402
2021-06-01,52.06085968017578,51.33580074310303,54.957009353637694
2021-06-02,52.60077667236328,51.37827625274658,54.815198516845705
2021-06-03,51.466033935546875,51.366288375854495,54.68980209350586
2021-06-04,52.500118255615234,51.37452430725098,54.611281127929686
2021-06-07,52.24388122558594,51.34798583984375,54.52799919128418
2021-06-08,52.161521911621094,51.39511375427246,54.39122795104981
2021-06-09,52.161521911621094,51.484794998168944,54.261187133789065
2021-06-10,52.5092658996582,51.65683650970459,54.15137992858887
2021-06-11,52.93936538696289,51.8325382232666,54.04599105834961
2021-06-14,53.25050354003906,51.96248455047608,53.93682022094727
2021-06-15,53.0674934387207,52.08419494628906,53.787790603637696
2021-06-16,52.36285400390625,52.19309406280517,53.64249496459961
2021-06-17,52.32624053955078,52.27636909484863,53.483915634155274
2021-06-18,50.944419860839844,52.26355743408203,53.28314758300781
2021-06-21,51.127437591552734,52.25394859313965,53.064029693603516
2021-06-22,51.127437591552734,52.204074478149415,52.896753845214846
2021-06-23,50.56922149658203,52.13040771484375,52.721769943237305
2021-06-24,51.31047058105469,52.09151554107666,52.58034698486328
2021-06-25,51.16404724121094,52.008240127563475,52.4208975982666
2021-06-28,52.60077667236328,52.02471237182617,52.29509422302246
2021-06-29,51.932743072509766,52.01830654144287,52.176303176879884
2021-06-30,51.37451934814453,51.956993675231935,52.06326469421387
2021-07-01,51.25556564331055,51.94647026062012,51.929656982421875
2021-07-02,51.94189453125,51.918559074401855,51.83033073425293
2021-07-06,51.32876968383789,51.87280349731445,51.77931541442871
2021-07-07,51.209800720214844,51.82521743774414,51.73465217590332
2021-07-08,50.68818283081055,51.75155048370361,51.69392684936523
2021-07-09,51.23725891113281,51.687950134277344,51.67054969787598
2021-07-12,51.9144401550293,51.63670387268066,51.64871063232422
2021-07-13,52.04255676269531,51.57630653381348,51.64307662963867
2021-07-14,51.72227096557617,51.50904541015625,51.6359481048584
2021-07-15,51.072540283203125,51.4445297241211,51.62237358093262
2021-07-16,50.3038330078125,51.34340934753418,51.59433441162109
2021-07-19,50.00185012817383,51.29628086090088,51.54766342163086
2021-07-20,50.55092239379883,51.267455101013184,51.503188858032225
2021-07-21,51.45688247680664,51.28392734527588,51.50794723510742
2021-07-22,51.209800720214844,51.31595630645752,51.52478530883789
2021-07-23,48.50107192993164,51.175486373901364,51.513438034057614
2021-07-26,49.699867248535156,51.10227737426758,51.51892875671387
2021-07-27,48.66578674316406,50.905527877807614,51.47921295166016
2021-07-28,48.56512451171875,50.73714694976807,51.43784973144531
2021-07-29,49.14164352416992,50.62550315856934,51.41698516845703
2021-07-30,49.159950256347656,50.52072238922119,51.38696937561035
2021-08-02,49.12334442138672,50.379794883728025,51.345423202514645
2021-08-03,49.47108840942383,50.28691082000732,51.308452682495115
2021-08-04,49.324668884277344,50.19265422821045,51.25244766235352
2021-08-05,49.635982513427734,50.14004421234131,51.20431617736816
2021-08-06,49.663612365722656,50.0613618850708,51.15582214355469
2021-08-09,49.783355712890625,49.954807662963866,51.09489814758301
2021-08-10,49.68204116821289,49.836781883239745,51.04311233520508
2021-08-11,49.86625289916992,49.743980979919435,50.99922019958496
2021-08-12,49.3136100769043,49.65603446960449,50.93347686767578
2021-08-13,49.26755905151367,49.60422077178955,50.889507369995115
2021-08-16,49.2491455078125,49.566585540771484,50.824487915039064
2021-08-17,48.53070831298828,49.46557483673096,50.75022445678711
2021-08-18,48.07017517089844,49.29623947143555,50.66839752197266
2021-08-19,48.30044937133789,49.150771903991696,50.59117607116699
2021-08-20,47.90439224243164,49.1209379196167,50.499078598022464
2021-08-23,49.02808380126953,49.087348747253415,50.420852966308594
2021-08-24,49.56230545043945,49.13217468261719,50.347089004516604
2021-08-25,49.56230545043945,49.182033729553225,50.276985244750975
2021-08-26,48.935977935791016,49.171750450134276,50.20844772338867
2021-08-27,49.635982513427734,49.195552062988284,50.15464256286621
2021-08-30,49.68204116821289,49.22348690032959,50.12939498901367
2021-08-31,49.79256820678711,49.23956089019775,50.10269760131836
2021-09-01,49.433349609375,49.244994926452634,50.068815841674805
2021-09-02,49.488616943359375,49.23762664794922,50.04720375061035
2021-09-03,49.285980224609375,49.21874504089355,50.006713943481444
2021-09-07,49.41493225097656,49.20032386779785,49.971731643676755
2021-09-08,49.34124755859375,49.18328418731689,49.90654106140137
2021-09-09,49.18466567993164,49.14920482635498,49.85157951354981
2021-09-10,49.589935302734375,49.163021087646484,49.8158878326416
2021-09-13,50.64915466308594,49.232100868225096,49.80375961303711
2021-09-14,50.21625518798828,49.280456352233884,49.76924682617187
2021-09-15,50.76889419555664,49.39236564636231,49.75804931640625
2021-09-16,50.50178909301758,49.51394634246826,49.74388908386231
2021-09-17,49.976776123046875,49.59776268005371,49.72966094970703
2021-09-20,48.79781723022461,49.64243392944336,49.680872116088864
2021-09-21,48.69650650024414,49.62585506439209,49.61651344299317
2021-09-22,49.27676773071289,49.611578178405765,49.561197662353514
2021-09-23,49.76493453979492,49.62170963287353,49.52205093383789
2021-09-24,49.939937591552734,49.671907615661624,49.49939888000488
2021-09-27,50.3452033996582,49.70736865997314,49.5002262878418
2021-09-28,49.737300872802734,49.71013164520264,49.494935302734376
2021-09-29,49.26755905151367,49.68388118743896,49.469268035888675
2021-09-30,49.07413864135742,49.665920639038085,49.421613159179685
2021-10-01,49.60835266113281,49.67190742492676,49.38958419799805
2021-10-04,49.2491455078125,49.67006568908691,49.40454566955567
2021-10-05,49.691253662109375,49.683881759643555,49.40437339782715
2021-10-06,49.718875885009766,49.70276317596436,49.42543518066406
2021-10-07,49.90309143066406,49.738684463500974,49.45219451904297
2021-10-08,49.56230545043945,49.73730297088623,49.46060775756836
2021-10-11,49.221500396728516,49.66592025756836,49.461838760375976
2021-10-12,48.05175018310547,49.55769500732422,49.44040687561035
2021-10-13,48.13465881347656,49.42598323822021,49.413678283691404
2021-10-14,49.64519500732422,49.38315353393555,49.42008880615234
2021-10-15,50.160987854003906,49.3923641204834,49.43058891296387
2021-10-18,50.170204162597656,49.460983467102054,49.44072074890137
2021-10-19,50.85179138183594,49.56874771118164,49.462089462280275
2021-10-20,50.99915313720703,49.654866981506345,49.488431701660154
2021-10-21,51.57942199707031,49.74559135437012,49.52269508361817
2021-10-22,45.55568313598633,49.5263786315918,49.4475365447998
2021-10-25,45.50963592529297,49.284600257873535,49.37237808227539
2021-10-26,44.468833923339844,49.02117691040039,49.27677185058594
2021-10-27,44.109615325927734,48.76327972412109,49.18834999084473
2021-10-28,44.28462219238281,48.523803901672366,49.11263893127441
2021-10-29,45.131996154785156,48.29998607635498,49.04926986694336
2021-11-01,45.63857650756836,48.11945762634277,49.003953552246095
2021-11-02,45.92410659790039,47.93110027313232,48.94187400817871
2021-11-03,46.41227340698242,47.76577014923096,48.87887336730957
2021-11-04,46.66083526611328,47.60365734100342,48.82084396362305
2021-11-05,47.226585388183594,47.486871337890626,48.7866561126709
2021-11-08,47.810890197753906,47.416340827941895,48.75015426635742
2021-11-09,47.486270904541016,47.38806686401367,48.70623886108398
2021-11-10,47.07819366455078,47.33524360656738,48.65195137023926
2021-11-11,46.864871978759766,47.19622745513916,48.60058181762695
2021-11-12,46.66083526611328,47.02121982574463,48.54402618408203
2021-11-15,46.67011642456055,46.846215438842776,48.49170890808105
2021-11-16,46.9390754699707,46.650579643249515,48.44219177246094
2021-11-17,46.58663558959961,46.42995376586914,48.387099533081056
2021-11-18,46.0765266418457,46.15480899810791,48.32493675231934
2021-11-19,45.928131103515625,46.173431396484375,48.25170066833496
2021-11-22,46.21564483642578,46.20873184204102,48.16303047180176
2021-11-23,45.538597106933594,46.262220001220705,48.069477310180666
2021-11-24,46.15073013305664,46.364275741577146,47.977114028930664
2021-11-26,45.2418098449707,46.41213512420654,47.87191444396973
2021-11-29,46.373321533203125,46.474201393127444,47.79984535217285
2021-11-30,45.631343841552734,46.47383975982666,47.73651588439942
2021-12-01,45.074867248535156,46.4313777923584,47.664083099365236
2021-12-02,45.90958786010742,46.40624351501465,47.596739501953124
2021-12-03,45.6777229309082,46.35708789825439,47.51499526977539
2021-12-06,47.29151916503906,46.36033458709717,47.46202690124512
2021-12-07,48.75691223144531,46.40763568878174,47.43026107788086
2021-12-08,47.99637985229492,46.43314113616943,47.3954426574707
2021-12-09,46.81849670410156,46.42015628814697,47.34646141052246
2021-12-10,46.92052459716797,46.422938919067384,47.303389129638674
2021-12-13,46.373321533203125,46.408563232421876,47.23868850708008
2021-12-14,46.0950813293457,46.379811477661136,47.175607223510745
2021-12-15,46.994728088378906,46.38259410858154,47.121676712036134
2021-12-16,47.14311218261719,46.41041793823242,47.07016143798828
2021-12-17,46.94834899902344,46.45400905609131,47.011066589355465
2021-12-20,46.00232696533203,46.45771884918213,46.93986701965332
2021-12-21,47.08747100830078,46.501310157775876,46.89718643188476
2021-12-22,47.27296447753906,46.588028526306154,46.88161071777344
2021-12-23,47.58830642700195,46.65990734100342,46.870683670043945
2021-12-27,48.172603607177734,46.80644702911377,46.84123184204102
2021-12-28,48.00566101074219,46.888064002990724,46.79812530517578
2021-12-29,48.07058334350586,47.01002597808838,46.75613288879394
2021-12-30,47.98711013793945,47.15563812255859,46.698839263916014
2021-12-31,47.764522552490234,47.24838485717773,46.63414665222168
2022-01-03,49.35049057006836,47.432023239135745,46.58956802368164
2022-01-04,49.285560607910156,47.531725311279295,46.664165573120115
2022-01-05,49.962615966796875,47.592010498046875,46.7532251739502
2022-01-06,50.09245681762695,47.696814346313474,46.865697631835936
2022-01-07,49.56379699707031,47.834079360961915,46.97478126525879
2022-01-10,51.20542526245117,48.04832439422607,47.113197326660156
2022-01-11,51.854644775390625,48.32239055633545,47.24765029907226
2022-01-12,51.69697952270508,48.602485466003415,47.368818359375
2022-01-13,50.95500183105469,48.80049915313721,47.46943626403809
2022-01-14,51.65987777709961,49.026337432861325,47.57438835144043
2022-01-18,50.788055419921875,49.21832275390625,47.6569327545166
2022-01-19,49.73074722290039,49.40474376678467,47.70701599121094
2022-01-20,48.26535415649414,49.46363792419434,47.71610527038574
2022-01-21,48.26535415649414,49.51325740814209,47.731686935424804
2022-01-24,48.172603607177734,49.54247226715088,47.75357513427734
2022-01-25,47.30078125,49.49888114929199,47.762293319702145
2022-01-26,47.94073486328125,49.49563484191894,47.78789131164551
2022-01-27,44.56475830078125,49.320343589782716,47.74578414916992
2022-01-28,44.267974853515625,49.13438682556152,47.69236213684082
2022-01-31,45.27891540527344,49.01010646820068,47.666207733154295
2022-02-01,45.399478912353516,48.81255588531494,47.65266677856445
2022-02-02,45.918861389160156,48.64422092437744,47.652481384277344
2022-02-03,44.778076171875,48.384993934631346,47.62373001098633
2022-02-04,44.866859436035156,48.12371406555176,47.61029525756836
2022-02-07,45.02573013305664,47.89681072235108,47.58779525756836
2022-02-08,45.61448287963867,47.617263603210446,47.59524871826172
2022-02-09,46.6424674987793,47.356654739379884,47.600631637573244
2022-02-10,45.66120910644531,47.05486621856689,47.601228942871096
2022-02-11,44.5117301940918,46.73270263671875,47.589966201782225
2022-02-14,44.46500778198242,46.37295913696289,47.561074600219726
2022-02-15,45.26870346069336,46.096991539001465,47.55289421081543
2022-02-16,45.072452545166016,45.86407680511475,47.50851287841797
2022-02-17,44.455657958984375,45.673591995239256,47.42248779296875
2022-02-18,42.0912971496582,45.36488914489746,47.304386138916016
2022-02-22,41.76420593261719,45.04446926116943,47.20330032348633
2022-02-23,41.72683334350586,44.76577186584473,47.09942649841309
2022-02-24,43.66131591796875,44.551800918579104,47.0451863861084
2022-02-25,44.58649826049805,44.55288791656494,47.015014724731444
2022-02-28,44.577152252197266,44.56834678649902,46.966663208007816
2022-03-01,43.754764556884766,44.49213924407959,46.89889625549316
2022-03-02,45.670562744140625,44.505693435668945,46.87334053039551
2022-03-03,44.79209518432617,44.449355125427246,46.849135894775394
2022-03-04,44.92292404174805,44.4565975189209,46.805844955444336
2022-03-07,44.5584602355957,44.44117755889893,46.75155487060547
2022-03-08,44.3902473449707,44.40940341949463,46.687593688964846
2022-03-09,44.5117301940918,44.35426578521729,46.61437622070312
2022-03-10,43.60523986816406,44.20240440368652,46.52636779785156
2022-03-11,42.8295783996582,44.06082286834717,46.42154769897461
2022-03-14,41.49320602416992,43.90989665985107,46.29166961669922
2022-03-15,41.87636184692383,43.78046436309815,46.17390640258789
2022-03-16,43.57720184326172,43.69588928222656,46.058440628051756
2022-03-17,44.05381393432617,43.64495735168457,45.953805694580076
2022-03-18,44.34352493286133,43.639350700378415,45.84142387390137
2022-03-21,44.287445068359375,43.74915809631348,45.72532363891602
2022-03-22,45.22197341918945,43.92204647064209,45.6384871673584
2022-03-23,45.10983657836914,44.091196632385255,45.51657539367676
2022-03-24,48.240516662597656,44.3201566696167,45.444292831420896
2022-03-25,48.436771392822266,44.51267032623291,45.37908866882324
2022-03-28,48.13772201538086,44.69069881439209,45.322743072509766
2022-03-29,48.82926940917969,44.944424057006835,45.266130905151364
2022-03-30,48.062957763671875,45.064043807983396,45.211628952026366
2022-03-31,46.31538391113281,45.14020824432373,45.143321685791015
2022-04-01,44.9603157043457,45.14207782745361,45.07722091674805
2022-04-04,45.97895050048828,45.21310234069824,45.03149284362793
2022-04-05,44.97900390625,45.242540168762204,44.967620849609375
2022-04-06,44.42762756347656,45.238335037231444,44.91015777587891
2022-04-07,44.44632339477539,45.28038921356201,44.840269546508786
2022-04-08,43.941673278808594,45.335993957519534,44.827807846069334
2022-04-11,43.5211296081543,45.43739013671875,44.81287094116211
2022-04-12,43.45571517944336,45.516357803344725,44.77640693664551
2022-04-13,43.93232727050781,45.534114074707034,44.747063903808595
2022-04-14,42.6800537109375,45.4654260635376,44.68228775024414
2022-04-18,43.5865478515625,45.42757720947266,44.65845718383789
2022-04-19,44.79209518432617,45.452809715270995,44.65696189880371
2022-04-20,44.9603157043457,45.43972682952881,44.65565361022949
2022-04-21,44.3902473449707,45.403747367858884,44.631168899536135
2022-04-22,43.493099212646484,45.16637649536133,44.56818153381348
2022-04-25,43.97905731201172,44.9434907913208,44.53453849792481
2022-04-26,42.539878845214844,44.6635986328125,44.49510147094727
2022-04-27,42.259521484375,44.33511123657227,44.450991744995115
2022-04-28,43.77345657348633,44.12063617706299,44.42108680725098
2022-04-29,40.73622512817383,43.84167823791504,44.334362258911135
2022-05-02,42.016536712646484,43.694489288330075,44.28557983398437
2022-05-03,42.10999298095703,43.501041412353516,44.28595375061035
2022-05-04,43.493099212646484,43.42674617767334,44.320531616210936
2022-05-05,42.00957107543945,43.305843353271484,44.32618637084961
2022-05-06,41.72700500488281,43.169877433776854,44.28750015258789
2022-05-09,40.56843948364258,43.00121574401855,44.20713897705078
2022-05-10,41.45383834838867,42.897851181030276,44.14467269897461
2022-05-11,40.342384338378906,42.74218463897705,44.076425094604495
2022-05-12,40.35179138183594,42.563157844543454,43.970049667358396
2022-05-13,41.06765365600586,42.482537841796876,43.895560836791994
2022-05-16,40.57786178588867,42.33210353851318,43.808659591674804
2022-05-17,41.82119369506836,42.18355846405029,43.753914260864256
2022-05-18,39.890254974365234,41.93005542755127,43.66391441345215
2022-05-19,39.570003509521484,41.68904323577881,43.565079879760745
2022-05-20,39.23091125488281,41.47593383789062,43.47759330749512
2022-05-23,39.560585021972656,41.25501022338867,43.412213439941404
2022-05-24,39.24974822998047,41.09050369262695,43.367344284057616
2022-05-25,39.74897003173828,40.964976119995114,43.324796447753904
2022-05-26,40.95462417602539,40.82403450012207,43.27234489440918
2022-05-27,41.96247863769531,40.88534717559814,43.230518188476566
2022-05-31,41.840030670166016,40.87652187347412,43.180448303222654
2022-06-01,41.54803466796875,40.84842395782471,43.12566009521484
2022-06-02,42.23563766479492,40.785550880432126,43.06593338012695
2022-06-03,40.86985397338867,40.72856502532959,42.981133728027345
2022-06-06,40.82275390625,40.68335247039795,42.832778472900394
2022-06-07,41.0017204284668,40.70501651763916,42.684077453613284
2022-06-08,38.835304260253906,40.57408981323242,42.49802909851074
2022-06-09,37.686161041259766,40.44127864837647,42.27516693115234
2022-06-10,36.90437316894531,40.268907737731936,42.05199523925781
2022-06-13,35.57627487182617,39.994338798522946,41.83721305847168
2022-06-14,35.72697830200195,39.75179462432861,41.6525463104248
2022-06-15,36.4051628112793,39.48099308013916,41.46107055664063
2022-06-16,35.171241760253906,39.245042419433595,41.26491531372071
2022-06-17,34.82273483276367,39.0076789855957,41.072817459106446
2022-06-21,35.53859329223633,38.82306308746338,40.894662857055664
2022-06-22,35.20892333984375,38.60548000335693,40.72000785827637
2022-06-23,35.237178802490234,38.40485153198242,40.55432884216309
2022-06-24,36.36748504638672,38.23577728271484,40.412564239501954
2022-06-27,36.38632583618164,38.007362365722656,40.26164421081543
2022-06-28,35.58568572998047,37.68852272033691,40.119756851196286
2022-06-29,35.1241455078125,37.35272846221924,39.95050880432129
2022-06-30,35.237178802490234,37.03718566894531,39.75941047668457
2022-07-01,34.22932434082031,36.63687000274658,39.54479064941406
2022-07-05,34.558998107910156,36.321327209472656,39.34816566467285
2022-07-06,34.84157180786133,36.02226810455322,39.175135116577145
2022-07-07,35.924774169921875,35.76842079162598,39.01404945373535
2022-07-08,35.78349685668945,35.615830421447754,38.878921813964844
2022-07-11,35.03937911987305,35.48349132537842,38.734518966674806
2022-07-12,35.048805236816406,35.390712928771975,38.560025939941404
2022-07-13,35.048805236816406,35.364339447021486,38.44627754211426
2022-07-14,35.51975631713867,35.35397834777832,38.316341934204104
2022-07-15,36.37690353393555,35.352565383911134,38.20168014526367
2022-07-18,36.461669921875,35.41708679199219,38.061051559448245
2022-07-19,37.88397216796875,35.570148658752444,37.978539581298826
2022-07-20,38.2042236328125,35.70343017578125,37.90808395385742
2022-07-21,38.25132369995117,35.85555019378662,37.861741638183595
2022-07-22,36.923213958740234,35.939851951599124,37.77112915039063
2022-07-25,36.88554000854492,35.965754699707034,37.70199226379395
2022-07-26,36.6971549987793,35.981296157836915,37.62889953613281
2022-07-27,37.84628677368164,36.094326210021975,37.56447219848633
2022-07-28,37.40359115600586,36.20829849243164,37.50098678588867
2022-07-29,34.20106887817383,36.15649299621582,37.34858428955078
2022-08-01,34.81331253051758,36.185692405700685,37.24704544067383
2022-08-02,33.918495178222656,36.153667259216306,37.134015274047854
2022-08-03,34.39887619018555,36.13153247833252,37.037374572753905
2022-08-04,33.92791748046875,36.03168964385986,36.924721221923825
2022-08-05,33.671024322509766,35.92606601715088,36.81314674377441
2022-08-08,33.66151809692383,35.85717296600342,36.691397705078124
2022-08-09,32.843284606933594,35.74689693450928,36.52917091369629
2022-08-10,33.652000427246094,35.67705669403076,36.36296134948731
2022-08-11,33.86131286621094,35.59413452148438,36.2033869934082
2022-08-12,34.356056213378906,35.493092155456544,36.059547424316406
2022-08-15,34.574886322021484,35.398752975463864,35.906332397460936
2022-08-16,34.43217086791992,35.226162910461426,35.77757873535156
2022-08-17,34.04207992553711,35.01805572509765,35.641965255737304
2022-08-18,34.441688537597656,34.82757396697998,35.510764617919925
2022-08-19,33.66151809692383,34.66448917388916,35.40728889465332
2022-08-22,32.19631576538086,34.43002796173096,35.29749198913574
2022-08-23,32.30097198486328,34.210218811035155,35.2054239654541
2022-08-24,32.2153434753418,33.92867164611816,35.13820533752441
2022-08-25,33.195308685302734,33.71825752258301,35.08757194519043
2022-08-26,31.73963165283203,33.59518566131592,34.99426132202149
2022-08-29,31.340023040771484,33.42152118682861,34.917636947631834
2022-08-30,30.693058013916016,33.260249328613284,34.83504341125488
2022-08-31,30.36957359313965,33.05878419876099,34.73166301727295
2022-09-01,30.21734619140625,32.87325563430786,34.6318314743042
2022-09-02,29.70357322692871,32.67488307952881,34.52115936279297
2022-09-06,28.885345458984375,32.43607444763184,34.37151657104492
2022-09-07,29.161264419555664,32.25197343826294,34.227015342712406
2022-09-08,29.25640106201172,32.03219347000122,34.100429649353025
2022-09-09,29.93191909790039,31.835723781585692,33.99658512115479
2022-09-12,30.02705955505371,31.619273948669434,33.89238273620605
2022-09-13,27.867319107055664,31.283895587921144,33.765142631530765
2022-09-14,27.762662887573242,30.95042018890381,33.62921592712402
2022-09-15,27.439180374145508,30.620275211334228,33.48116809844971
2022-09-16,27.819751739501953,30.289178371429443,33.31906764984131
2022-09-19,28.010032653808594,30.00660409927368,33.16359836578369
2022-09-20,27.553346633911133,29.774455642700197,33.01387771606446
2022-09-21,27.087148666381836,29.513764476776124,32.85464458465576
2022-09-22,26.706575393676758,29.23832607269287,32.68779998779297
2022-09-23,26.183292388916016,28.887725257873534,32.501070709228514
2022-09-26,25.660009384155273,28.5837441444397,32.28673282623291
2022-09-27,25.583890914916992,28.295937538146973,32.06917724609375
2022-09-28,25.81223487854004,28.051896381378175,31.827742500305177
2022-09-29,25.098665237426758,27.788350963592528,31.565631332397462
2022-09-30,24.518295288085938,27.503398418426514,31.290970764160157
2022-10-03,25.660009384155273,27.301220226287843,31.06570667266846
2022-10-04,26.35454750061035,27.174680328369142,30.855086822509765
2022-10-05,26.29746437072754,27.031490325927734,30.64709300994873
2022-10-06,25.85980987548828,26.861660766601563,30.407363471984862
2022-10-07,24.470722198486328,26.58860092163086,30.148706092834473
2022-10-10,23.97597885131836,26.28604688644409,29.944204292297364
2022-10-11,23.823753356933594,26.08386859893799,29.724413108825683
2022-10-12,24.09966468811035,25.900718688964844,29.528036499023436
2022-10-13,25.136720657348633,25.785595703125,29.3427933883667
2022-10-14,24.651493072509766,25.62718276977539,29.15726490020752
2022-10-17,25.136720657348633,25.483517169952393,28.986578826904296
2022-10-18,24.61343765258789,25.336521720886232,28.805617218017577
2022-10-19,24.737119674682617,25.219020271301268,28.64349391937256
2022-10-20,24.8132381439209,25.124353408813477,28.466718673706055
2022-10-21,25.660009384155273,25.098189258575438,28.30269260406494
2022-10-24,25.85980987548828,25.10817928314209,28.13276767730713
2022-10-25,26.078636169433594,25.13291654586792,27.96284267425537
2022-10-26,25.888347625732422,25.13672218322754,27.791966209411623
2022-10-27,24.99400520324707,25.131489181518553,27.61100471496582
2022-10-28,27.658004760742188,25.28847465515137,27.47533103942871
2022-10-31,27.04909324645996,25.357928848266603,27.343082542419435
2022-11-01,26.925403594970703,25.386471652984618,27.23766429901123
2022-11-02,26.08814811706543,25.376005840301513,27.113407821655272
2022-11-03,26.059606552124023,25.3859956741333,26.990293083190917
2022-11-04,27.19263458251953,25.52209129333496,26.870239601135253
2022-11-07,27.395132064819336,25.69304895401001,26.783349609375
2022-11-08,27.462629318237305,25.874992752075194,26.705801734924318
2022-11-09,26.536924362182617,25.99685573577881,26.62267906188965
2022-11-10,28.69690704345703,26.17486505508423,26.589225730895997
2022-11-11,29.342975616455078,26.409439182281496,26.57173831939697
2022-11-14,29.265827178955078,26.615894508361816,26.5629833984375
2022-11-15,29.61297035217285,26.865871143341064,26.57753589630127
2022-11-16,28.475122451782227,27.052771282196044,26.5638130569458
2022-11-17,28.822261810302734,27.253222465515137,26.555130271911622
2022-11-18,28.802976608276367,27.41037082672119,26.53255142211914
2022-11-21,27.906198501586914,27.512690258026122,26.490134201049806
2022-11-22,28.754762649536133,27.64649658203125,26.507883071899414
2022-11-23,28.61012077331543,27.782585239410402,26.52483222961426
2022-11-25,28.29191017150879,27.947480487823487,26.541886825561523
2022-11-28,27.703699111938477,27.9497652053833,26.539565773010253
2022-11-29,27.867626190185547,27.99069185256958,26.53671764373779
2022-11-30,28.995832443237305,28.09421329498291,26.565567359924316
2022-12-01,28.764408111572266,28.22802629470825,26.599112548828124
2022-12-02,28.35940933227539,28.34301643371582,26.632169227600098
2022-12-05,28.12798309326172,28.38978385925293,26.671063041687013
2022-12-06,27.578346252441406,28.398944568634032,26.709429779052734
2022-12-07,27.317989349365234,28.39171257019043,26.744111747741698
2022-12-08,27.424060821533203,28.436069393157958,26.776348266601563
2022-12-09,27.231203079223633,28.36278419494629,26.8189990234375
2022-12-12,27.665128707885742,28.278891849517823,26.881935691833498
2022-12-13,27.703699111938477,28.200785446166993,26.92280948638916
2022-12-14,27.250490188598633,28.082661437988282,26.940728340148926
2022-12-15,26.180143356323242,27.967912483215333,26.93838191986084
2022-12-16,25.958356857299805,27.824717235565185,26.94035285949707
2022-12-19,25.8330020904541,27.676218509674072,26.967598457336425
2022-12-20,25.49550437927246,27.55568380355835,26.99798896789551
2022-12-21,25.871570587158203,27.41152420043945,27.0389453125
2022-12-22,25.042293548583984,27.23313283920288,27.057797889709473
2022-12-23,25.15800666809082,27.07643766403198,27.058223609924315
2022-12-27,25.013364791870117,26.941920948028564,27.065461044311522
2022-12-28,24.627655029296875,26.77992238998413,27.05527973175049
2022-12-29,25.273717880249023,26.593816661834715,27.06848533630371
2022-12-30,25.48586082458496,26.429889297485353,27.083460159301758
2023-01-03,25.775144577026367,26.3006760597229,27.102698287963868
2023-01-04,26.69120979309082,26.228837394714354,27.12332229614258
2023-01-05,26.575496673583984,26.178694915771484,27.137636032104492
2023-01-06,27.703699111938477,26.197980403900146,27.17013729095459
2023-01-09,28.262981414794922,26.239926433563234,27.21762996673584
2023-01-10,28.388338088989258,26.297783184051514,27.285516624450683
2023-01-11,28.783693313598633,26.35371141433716,27.308030395507814
2023-01-12,29.20797348022461,26.428925132751466,27.351208000183107
2023-01-13,29.034404754638672,26.518120861053468,27.393388023376463
2023-01-17,28.542621612548828,26.636244773864746,27.442477493286134
2023-01-18,27.780841827392578,26.727369022369384,27.476902198791503
2023-01-19,27.404775619506836,26.80595769882202,27.48114501953125
2023-01-20,28.17619514465332,26.939992237091065,27.49676628112793
2023-01-23,29.18868637084961,27.105848026275634,27.531287422180174
2023-01-24,28.8511905670166,27.296292877197267,27.577572746276857
2023-01-25,28.63905143737793,27.470345115661623,27.576415634155275
2023-01-26,29.015117645263672,27.670432758331298,27.569858474731447
2023-01-27,27.154062271118164,27.796753120422363,27.527623176574707
2023-01-30,26.95156478881836,27.88064546585083,27.47439506530762
2023-01-31,27.250490188598633,27.968876934051515,27.449902420043944
2023-02-01,28.03155517578125,28.081697463989258,27.434088287353514
2023-02-02,29.11154556274414,28.202714252471925,27.44025966644287
2023-02-03,29.236900329589844,28.335784435272217,27.46687370300293
2023-02-06,28.002225875854492,28.350710773468016,27.451822967529296
2023-02-07,28.353595733642578,28.3552414894104,27.44669246673584
2023-02-08,27.563013076782227,28.313975238800047,27.43211452484131
2023-02-09,27.065242767333984,28.228052711486818,27.41934539794922
2023-02-10,27.133562088012695,28.12433214187622,27.40466411590576
2023-02-13,27.865583419799805,28.065891075134278,27.38205913543701
2023-02-14,27.95342445373535,28.036431217193602,27.365839462280274
2023-02-15,28.158390045166016,28.055308628082276,27.361819076538087
2023-02-16,27.523975372314453,28.061268615722657,27.34973892211914
2023-02-17,26.948116302490234,27.999864673614503,27.337134323120118
2023-02-21,25.435274124145508,27.812194061279296,27.29948001861572
2023-02-22,24.859416961669922,27.612605381011964,27.248187141418455
2023-02-23,24.996063232421875,27.43045597076416,27.203484344482423
2023-02-24,24.537328720092773,27.206566524505615,27.14092834472656
2023-02-27,24.303083419799805,27.064017581939698,27.07291603088379
2023-02-28,24.332365036010742,26.933057594299317,27.01455352783203
2023-03-01,24.722774505615234,26.806671810150146,26.98540615081787
2023-03-02,25.571918487548828,26.683689975738524,26.97767738342285
2023-03-03,25.76712417602539,26.516468906402586,26.976359825134278
2023-03-06,25.36695098876953,26.322971439361574,26.97378875732422
2023-03-07,24.917980194091797,26.168759155273438,26.95471694946289
2023-03-08,25.35719108581543,26.01893892288208,26.96101490020752
2023-03-09,25.80616569519043,25.93109655380249,26.97397808074951
2023-03-10,26.56746482849121,25.906207656860353,27.005060081481933
2023-03-13,26.303937911987305,25.86472644805908,27.03858573913574
2023-03-14,27.33852767944336,25.83837366104126,27.07988193511963
2023-03-15,27.728940963745117,25.82714948654175,27.12474353790283
2023-03-16,29.45650863647461,25.892055416107176,27.198370819091796
2023-03-17,29.095378875732422,25.970625591278075,27.24645420074463
2023-03-20,28.46095848083496,26.046267700195312,27.28416343688965
2023-03-21,27.777738571166992,26.163390922546387,27.28564422607422
2023-03-22,27.455650329589844,26.293202590942382,27.269497604370116
2023-03-23,28.334075927734375,26.460103225708007,27.26841236114502
2023-03-24,28.656166076660156,26.666045093536376,27.26586181640625
2023-03-27,28.480480194091797,26.874914932250977,27.251311950683593
2023-03-28,28.587844848632812,27.08768892288208,27.242380752563477
2023-03-29,30.764387130737305,27.389769554138184,27.286816062927247
2023-03-30,31.320720672607422,27.677209663391114,27.35761363983154
2023-03-31,31.886810302734375,27.983193969726564,27.447254333496094
2023-04-03,32.101539611816406,28.319923400878906,27.525761222839357
2023-04-04,32.3065071105957,28.689349746704103,27.588117637634276
2023-04-05,32.04298400878906,29.023639392852782,27.651953506469727
2023-04-06,32.023460388183594,29.33450412750244,27.71964168548584
2023-04-10,31.74041175842285,29.593151473999022,27.774147567749022
2023-04-11,31.57448387145996,29.856678771972657,27.86255599975586
2023-04-12,31.252399444580078,30.05237236022949,27.948572692871092
2023-04-13,31.359760284423828,30.233913326263426,28.030758094787597
2023-04-14,31.12551498413086,30.31736364364624,28.09263729095459
2023-04-17,31.36952018737793,30.431070709228514,28.137796783447264
2023-04-18,31.066953659057617,30.56137046813965,28.17439785003662
2023-04-19,30.40325355529785,30.69264621734619,28.22241840362549
2023-04-20,30.120208740234375,30.82587413787842,28.257750663757324
2023-04-21,29.57362937927246,30.887851810455324,28.29796298980713
2023-04-24,28.948970794677734,30.9024920463562,28.335637550354004
2023-04-25,28.187671661376953,30.887851619720458,28.35671974182129
2023-04-26,28.353595733642578,30.876139163970947,28.366479988098146
2023-04-27,29.144176483154297,30.795128631591798,28.390295028686523
2023-04-28,30.315412521362305,30.74486322402954,28.43343547821045
2023-05-01,29.57362937927246,30.629204177856444,28.474428558349608
2023-05-02,29.056339263916016,30.476944160461425,28.516593017578124
2023-05-03,29.91524314880371,30.357380962371828,28.60619239807129
2023-05-04,30.615957260131836,30.286029624938966,28.721323204040527
2023-05-05,30.37095069885254,30.20340414047241,28.828820953369142
2023-05-08,30.15534782409668,30.124150943756103,28.94118133544922
2023-05-09,29.49873161315918,30.020363330841064,29.045094299316407
2023-05-10,29.371328353881836,29.92630977630615,29.145873565673828
2023-05-11,28.28350067138672,29.7724967956543,29.217088088989257
2023-05-12,28.371702194213867,29.634806156158447,29.273083763122557
2023-05-15,29.204723358154297,29.526566314697266,29.34183574676514
2023-05-16,28.636308670043945,29.405034065246582,29.407222900390625
2023-05-17,28.29330062866211,29.299536418914794,29.474729309082033
2023-05-18,29.087120056152344,29.247881984710695,29.54932788848877
2023-05-19,29.332128524780273,29.235806941986084,29.619847145080566
2023-05-22,29.675134658813477,29.27211513519287,29.68200054168701
2023-05-23,28.920515060424805,29.308757305145264,29.73433208465576
2023-05-24,28.420703887939453,29.312112712860106,29.755975608825683
2023-05-25,26.852664947509766,29.19753713607788,29.738450088500976
2023-05-26,28.420703887939453,29.102801704406737,29.717733993530274
2023-05-30,29.39093017578125,29.093666744232177,29.72364501953125
2023-05-31,30.811965942382812,29.18144807815552,29.770665168762207
2023-06-01,30.508155822753906,29.211093711853028,29.825273513793945
2023-06-02,30.684560775756836,29.21452388763428,29.889851722717285
2023-06-05,29.26352310180664,29.159152507781982,29.90844066619873
2023-06-06,30.341550827026367,29.168462657928465,29.942148361206055
2023-06-07,30.655160903930664,29.226284122467042,29.98564197540283
2023-06-08,31.184371948242188,29.31693630218506,30.03757251739502
2023-06-09,30.713960647583008,29.43845930099487,30.036563987731935
2023-06-12,32.409400939941406,29.64034423828125,30.058337593078612
2023-06-13,33.23262023925781,29.841739082336424,30.08525379180908
2023-06-14,34.869266510009766,30.153386974334715,30.14060832977295
2023-06-15,35.104469299316406,30.493945407867432,30.196567573547362
2023-06-16,35.64347839355469,30.82176332473755,30.268577461242675
2023-06-20,34.30084991455078,31.070199394226073,30.31412525177002
2023-06-21,32.2427978515625,31.198582553863524,30.324172973632812
2023-06-22,32.05659103393555,31.355386352539064,30.333815116882324
2023-06-23,32.34080123901367,31.551391220092775,30.355583152770997
2023-06-26,32.674007415771484,31.84245834350586,30.381868095397948
2023-06-27,33.418827056884766,32.09236450195313,30.427734336853028
2023-06-28,32.8994140625,32.26778869628906,30.45833221435547
2023-06-29,32.252601623535156,32.33982048034668,30.48204517364502
2023-06-30,32.77201461791992,32.45301342010498,30.52942039489746
2023-07-03,32.94841766357422,32.56620626449585,30.585984573364257
2023-07-05,31.8605899810791,32.69605960845947,30.63172378540039
2023-07-06,31.331377029418945,32.7455509185791,30.679371910095213
2023-07-07,31.213773727416992,32.77348155975342,30.739893951416015
2023-07-10,32.08599853515625,32.81856288909912,30.81454200744629
2023-07-11,32.634803771972656,32.9146050453186,30.884354553222657
2023-07-12,33.301231384277344,32.9591965675354,30.944070930480958
2023-07-13,33.193416595458984,32.95723638534546,31.016466674804686
2023-07-14,32.48780822753906,32.838163471221925,31.085096054077148
2023-07-17,33.683433532714844,32.767111682891844,31.16045986175537
2023-07-18,33.81083679199219,32.67547960281372,31.224357452392578
2023-07-19,33.77163314819336,32.64901876449585,31.292371101379395
2023-07-20,32.70341110229492,32.67204942703247,31.343332366943358
2023-07-21,33.340431213378906,32.73624143600464,31.420166358947753
2023-07-24,32.958213806152344,32.76711206436157,31.491904067993165
2023-07-25,33.418827056884766,32.80435304641723,31.594610595703124
2023-07-26,33.67363357543945,32.81709337234497,31.700649223327638
2023-07-27,33.859840393066406,32.86511468887329,31.79375156402588
2023-07-28,36.09429168701172,33.05719919204712,31.942911224365233
2023-07-31,35.05546951293945,33.171371936798096,32.07815460205078
2023-08-01,35.08486557006836,33.2781943321228,32.198109512329104
2023-08-02,33.70303726196289,33.370316696166995,32.28552768707275
2023-08-03,34.17344284057617,33.51241998672485,32.37549385070801
2023-08-04,34.56195068359375,33.679828834533694,32.48832256317139
2023-08-07,34.65046691894531,33.80805225372315,32.612917823791506
2023-08-08,34.44392395019531,33.89850826263428,32.76474300384521
2023-08-09,33.71609115600586,33.9192512512207,32.87065074920654
2023-08-10,34.10951614379883,33.96505622863769,32.96502246856689
2023-08-11,34.31605911254883,34.05646877288818,33.03510433197022
2023-08-14,35.09305953979492,34.126950073242185,33.126802406311036
2023-08-15,34.198036193847656,34.146310043334964,33.197071914672854
2023-08-16,32.97842788696289,34.106649780273436,33.271370010375975
2023-08-17,32.044063568115234,34.073682403564455,33.30542026519775
2023-08-18,32.21126174926758,34.01722393035889,33.33654228210449
2023-08-21,32.5948486328125,33.99905567169189,33.3647518157959
2023-08-22,32.348960876464844,33.9455623626709,33.39745182037353
2023-08-23,33.42103576660156,33.932932472229005,33.41768451690674
2023-08-24,32.053897857666016,33.84263534545899,33.3941100692749
2023-08-25,32.703041076660156,33.673072814941406,33.35078556060791
2023-08-28,33.06695556640625,33.57364711761475,33.31003528594971
2023-08-29,33.745601654052734,33.506683921813966,33.27207775115967
2023-08-30,33.96198272705078,33.51963119506836,33.26530040740967
2023-08-31,34.56195068359375,33.539056587219235,33.31168346405029
2023-09-01,36.00776672363281,33.611347389221194,33.39070697784424
2023-09-05,36.106117248535156,33.684129905700686,33.46601329803467
2023-09-06,36.371681213378906,33.780517768859866,33.53996677398682
2023-09-07,37.55194091796875,33.97231025695801,33.6226290512085
2023-09-08,37.384735107421875,34.13607120513916,33.712335472106936
2023-09-11,37.955196380615234,34.31802806854248,33.826387367248536
2023-09-12,38.22075271606445,34.474412727355954,33.93536212921143
2023-09-13,38.07322692871094,34.66817226409912,34.03785831451416
2023-09-14,38.03388214111328,34.92094497680664,34.161324157714844
2023-09-15,37.25687789916992,35.181585693359374,34.27983417510986
2023-09-18,37.36506652832031,35.439275932312015,34.40286003112793
2023-09-19,35.742210388183594,35.59664402008057,34.475984268188476
2023-09-20,34.11935043334961,35.685163497924805,34.50567520141602
2023-09-21,34.080013275146484,35.71811237335205,34.521250839233396
2023-09-22,33.61773681640625,35.796304321289064,34.52973724365234
2023-09-25,33.72593307495117,35.847448921203615,34.55449974060058
2023-09-26,33.273502349853516,35.85777626037598,34.54630111694336
2023-09-27,34.040672302246094,35.87252979278564,34.55089782714844
2023-09-28,34.60129165649414,35.90449523925781,34.56749099731445
2023-09-29,34.96520233154297,35.92465782165527,34.612726821899415
2023-10-02,34.876686096191406,35.8681037902832,34.643451919555666
2023-10-03,35.102901458740234,35.817943000793456,34.68634567260742
2023-10-04,35.338951110839844,35.766306495666505,34.72474815368653
2023-10-05,35.29961013793945,35.65368995666504,34.75726768493652
2023-10-06,35.59467697143555,35.56418704986572,34.79196441650391
2023-10-09,35.46681594848633,35.43976802825928,34.7794149017334
2023-10-10,35.830726623535156,35.32026672363281,34.79492004394531
2023-10-11,36.27333068847656,35.230271911621095,34.81868934631348
2023-10-12,36.233985900878906,35.14027709960938,34.8693083190918
2023-10-13,35.378299713134766,35.04634819030762,34.89340545654297
2023-10-16,35.958587646484375,34.97602424621582,34.92133819580078
2023-10-17,35.46681594848633,34.96225452423096,34.937665176391604
2023-10-18,35.0537223815918,35.008973121643066,34.94986114501953
2023-10-19,35.083229064941406,35.05913391113281,34.977203903198244
2023-10-20,34.34556579589844,35.09552536010742,34.98192489624024
2023-10-23,33.29316711425781,35.07388706207276,34.961467056274415
2023-10-24,34.020999908447266,35.11126194000244,34.94002586364746
2023-10-25,32.28995132446289,35.02372589111328,34.90186416625976
2023-10-26,31.985048294067383,34.89291372299194,34.88199657440185
2023-10-27,34.95537185668945,34.89242219924927,34.94022274017334
2023-10-30,35.102901458740234,34.90373296737671,34.99805553436279
2023-10-31,35.899574279785156,34.94356660842895,35.06415004730225
2023-11-01,36.67658233642578,35.010448169708255,35.150702476501465
2023-11-02,37.07984161376953,35.09945974349976,35.22387859344482
2023-11-03,37.51259994506836,35.1953558921814,35.33305263519287
2023-11-06,37.448455810546875,35.294437885284424,35.42796092987061
2023-11-07,38.25762176513672,35.415782642364505,35.531774253845214
2023-11-08,37.418853759765625,35.47305879592896,35.60523929595947
2023-11-09,37.300437927246094,35.52638139724731,35.67200839996338
2023-11-10,38.346431732177734,35.67478799819946,35.74769802093506
2023-11-13,37.72475814819336,35.763096523284915,35.78203784942627
2023-11-14,38.889163970947266,35.934213924407956,35.837698783874515
2023-11-15,40.073307037353516,36.185193157196046,35.911731300354006
2023-11-16,42.77709197998047,36.569886302948,36.01623432159424
2023-11-17,43.231014251708984,37.014158725738525,36.13315990447998
2023-11-20,44.14872360229492,37.55693655014038,36.257030448913575
2023-11-21,43.06325912475586,38.00904951095581,36.3538805770874
2023-11-22,43.09286117553711,38.549195003509524,36.454273262023925
2023-11-24,43.379032135009766,39.11889419555664,36.561176261901856
2023-11-27,43.4974479675293,39.54599800109863,36.685987663269046
2023-11-28,43.64546203613281,39.97312602996826,36.81159557342529
2023-11-29,44.3460807800293,40.395451354980466,36.98367298126221
2023-11-30,44.109249114990234,40.76708469390869,37.18347095489502
2023-12-01,43.16194152832031,41.07118968963623,37.365109519958494
2023-12-04,41.790306091308594,41.28507499694824,37.528560905456544
2023-12-05,41.365989685058594,41.48095169067383,37.681362037658694
2023-12-06,40.72458267211914,41.60429973602295,37.830383644104
2023-12-07,41.592952728271484,41.813004684448245,37.98142925262451
2023-12-08,42.135684967041016,42.05476703643799,38.13211711883545
2023-12-11,43.95136642456055,42.33501377105713,38.3118404006958
2023-12-12,43.457977294921875,42.62167472839356,38.48346622467041
2023-12-13,43.9809684753418,42.87626495361328,38.66102756500244
2023-12-14,44.582908630371094,43.10174503326416,38.84590671539306
2023-12-15,45.549957275390625,43.24038829803467,39.05091365814209
2023-12-18,45.08616638183594,43.33314590454101,39.240743446350095
2023-12-19,46.04335021972656,43.427877235412595,39.4522741317749
2023-12-20,45.15523910522461,43.53247623443603,39.63876438140869
2023-12-21,46.457801818847656,43.700723266601564,39.84245380401612
2023-12-22,47.365638732910156,43.90005359649658,40.06508686065674
2023-12-26,49.83259963989258,44.216811180114746,40.35417285919189
2023-12-27,50.08916091918945,44.53899612426758,40.636784324645994
2023-12-28,49.724056243896484,44.80789489746094,40.9219291305542
2023-12-29,49.58590316772461,45.08172760009766,41.212572746276855
2024-01-02,47.16828155517578,45.28204460144043,41.454273796081544
2024-01-03,46.428192138671875,45.513938903808594,41.69592632293701
2024-01-04,46.250572204589844,45.75816802978515,41.95507442474365
2024-01-05,46.27030563354492,46.035454177856444,42.200060539245605
2024-01-08,47.8096923828125,46.3462911605835,42.5104553604126
2024-01-09,47.41497802734375,46.610255813598634,42.819053955078125
2024-01-10,46.842647552490234,46.75481986999512,43.05679946899414
2024-01-11,47.01039505004883,46.932440757751465,43.29494934082031
2024-01-12,46.49726867675781,47.05825576782227,43.50690322875977
2024-01-16,46.43806838989258,47.15101375579834,43.7021329498291
2024-01-17,45.45127868652344,47.14607982635498,43.86956169128418
2024-01-18,46.122291564941406,47.197886085510255,44.041755523681644
2024-01-19,47.51365661621094,47.27140140533447,44.24305953979492
2024-01-22,47.58273696899414,47.392776298522946,44.42956184387207
2024-01-23,48.24387741088867,47.482080078125,44.64606231689453
2024-01-24,48.44123458862305,47.53585987091064,44.86887825012207
2024-01-25,48.8951530456543,47.48898754119873,45.0798526763916
2024-01-26,43.07312774658203,47.13818588256836,45.186820068359374
2024-01-29,43.260616302490234,46.81501388549805,45.27424911499023
2024-01-30,42.35277557373047,46.45335750579834,45.319838485717774
2024-01-31,42.51066207885742,46.22047653198242,45.314509887695316
2024-02-01,42.786964416503906,46.038415145874026,45.30562889099121
2024-02-02,42.03700256347656,45.82773666381836,45.26339447021484
2024-02-05,42.20476150512695,45.624459457397464,45.24622451782226
2024-02-06,42.29877853393555,45.348913764953615,45.230342864990234
2024-02-07,42.33836364746094,45.09508304595947,45.20952949523926
2024-02-08,42.061256408691406,44.856013488769534,45.1808056640625
2024-02-09,42.862892150878906,44.64863834381104,45.16515426635742
2024-02-12,43.57545852661133,44.50254783630371,45.14974182128906
2024-02-13,42.714439392089844,44.31636638641358,45.12184562683105
2024-02-14,43.73380661010742,44.230492782592776,45.1332829284668
2024-02-15,43.595252990722656,44.10414085388184,45.169381866455076
2024-02-16,43.060829162597656,43.881499481201175,45.20327865600586
2024-02-20,44.060401916503906,43.70538272857666,45.269995040893555
2024-02-21,43.021244049072266,43.44425106048584,45.29856086730957
2024-02-22,42.53630065917969,43.14900436401367,45.306573181152345
2024-02-23,42.54619598388672,42.831556510925296,45.278469772338866
2024-02-26,42.54619598388672,42.805209922790525,45.260234146118165
2024-02-27,42.28887939453125,42.756623077392575,45.226392364501955
2024-02-28,41.5565185546875,42.71681022644043,45.16586456298828
2024-02-29,42.60557556152344,42.72155590057373,45.106976928710935
2024-03-01,43.36763000488281,42.75058917999267,45.07260620117187
2024-03-04,45.13915252685547,42.90569667816162,45.05452224731445
2024-03-05,42.714439392089844,42.93118057250977,45.005706253051756
2024-03-06,44.05050277709961,43.01876678466797,44.957560272216796
2024-03-07,45.67357635498047,43.18552742004395,44.923719024658205
2024-03-08,43.54576873779297,43.25975303649902,44.797982406616214
2024-03-11,44.39689254760742,43.33645305633545,44.68413703918457
2024-03-12,44.772972106933594,43.39632873535156,44.585115356445314
2024-03-13,42.78371810913086,43.39979267120361,44.449071655273436
2024-03-14,42.30867385864258,43.32853603363037,44.35187950134277
2024-03-15,42.199806213378906,43.25876369476318,44.26731178283691
2024-03-18,42.26908874511719,43.21917667388916,44.18768211364746
2024-03-19,41.61589813232422,43.096951484680176,44.09459396362305
2024-03-20,41.76435089111328,43.03410682678223,43.97368713378906
2024-03-21,41.982078552246094,43.006395721435545,43.86502914428711
2024-03-22,42.130531311035156,42.98561248779297,43.77078681945801
2024-03-25,41.39817428588867,42.92821140289307,43.6585424041748
2024-03-26,41.5565185546875,42.89159336090088,43.5597274017334
2024-03-27,43.318145751953125,42.97967472076416,43.49732894897461
2024-03-28,43.714012145996094,43.03509654998779,43.46258361816406
2024-04-01,44.060401916503906,43.06973514556885,43.42134582519531
2024-04-02,43.486385345458984,42.98709678649902,43.34080039978027
2024-04-03,39.91366195678711,42.84705791473389,43.187418899536134
2024-04-04,39.31985092163086,42.61052532196045,43.00893836975098
2024-04-05,38.31038284301758,42.2423656463623,42.80632133483887
2024-04-08,37.58791732788086,41.944473075866696,42.5801766204834
2024-04-09,37.934303283691406,41.6213436126709,42.477400131225586
2024-04-10,36.81597137451172,41.223493576049805,42.348507232666016
2024-04-11,37.24153137207031,40.946384239196775,42.24628234863281
2024-04-12,35.321556091308594,40.59702835083008,42.10250022888184
2024-04-15,35.935157775878906,40.28379592895508,41.96546409606933
2024-04-16,35.88566970825195,39.96462497711182,41.84243743896484
2024-04-17,35.31166076660156,39.649413108825684,41.70457542419434
2024-04-18,34.67826843261719,39.29510898590088,41.55216522216797
2024-04-19,33.84693908691406,38.88835201263428,41.38233673095703
2024-04-22,34.054771423339844,38.484564018249515,41.22220703125
2024-04-23,33.92611312866211,38.110960960388184,41.04347145080566
2024-04-24,34.14384078979492,37.74032707214356,40.854839096069334
2024-04-25,34.74754333496094,37.31179695129394,40.69550117492676
2024-04-26,31.55088996887207,36.70364084243774,40.45184284210205
2024-04-29,31.036258697509766,36.05243368148804,40.20066295623779
2024-04-30,30.155445098876953,35.385886669158936,39.94255527496338
2024-05-01,30.05647850036621,34.89302749633789,39.662476806640626
2024-05-02,30.195032119750977,34.436786556243895,39.4059525680542
2024-05-03,30.581005096435547,34.05031766891479,39.166846656799315
2024-05-06,30.774776458740234,33.709660625457765,38.93141826629639
2024-05-07,30.486604690551758,33.337275695800784,38.69022644042969
2024-05-08,29.81089210510254,32.98702173233032,38.440666694641116
2024-05-09,29.90032386779785,32.6199613571167,38.20754280090332
2024-05-10,29.66183853149414,32.336975479125975,37.94866806030274
2024-05-13,30.317676544189453,32.056101417541505,37.68766899108887
2024-05-14,30.854272842407227,31.804531574249268,37.401971397399905
2024-05-15,31.072887420654297,31.592592906951904,37.169140357971195
2024-05-16,31.828094482421875,31.45008420944214,36.924692192077636
2024-05-17,31.629356384277344,31.339205074310303,36.64380779266357
2024-05-20,31.897653579711914,31.231349182128906,36.41084548950195
2024-05-21,31.5399227142334,31.112039661407472,36.153706092834476
2024-05-22,31.221940994262695,30.965944671630858,35.88268547058105
2024-05-23,29.8903865814209,30.723086833953857,35.624818840026855
2024-05-24,30.526351928710938,30.6718599319458,35.389172401428226
2024-05-28,30.86421012878418,30.66325750350952,35.162460479736325
2024-05-29,29.94007110595703,30.652488803863527,34.91588012695313
2024-05-30,29.99969482421875,30.649649620056152,34.68355606079101
2024-05-31,30.655534744262695,30.67267475128174,34.461379737854
2024-06-03,30.099063873291016,30.64857769012451,34.223719444274906
2024-06-04,29.8407039642334,30.60187406539917,33.977922897338864
2024-06-05,30.585975646972656,30.606842613220216,33.76167892456055
2024-06-06,30.22824478149414,30.627710247039794,33.53511344909668
2024-06-07,30.546226501464844,30.660005378723145,33.279675064086916
2024-06-10,30.71515464782715,30.712671184539794,33.01969791412353
2024-06-11,30.7250919342041,30.733041954040527,32.75299171447754
2024-06-12,30.56610107421875,30.718633365631103,32.49458602905273
2024-06-13,30.26799201965332,30.678388595581055,32.30167263031006
2024-06-14,30.258056640625,30.59988670349121,32.12043674468994
2024-06-17,30.784713745117188,30.557654571533202,31.969923362731933
2024-06-18,30.436920166015625,30.484617900848388,31.826903419494627
2024-06-20,30.426984786987305,30.428971004486083,31.676757049560546
2024-06-21,30.894020080566406,30.41257495880127,31.55831802368164
2024-06-24,30.37729835510254,30.43692054748535,31.421033363342286
2024-06-25,30.546226501464844,30.437914276123045,31.32552677154541
2024-06-26,30.347488403320312,30.412078189849854,31.21377338409424
2024-06-27,30.397172927856445,30.434933280944826,31.104003448486328
2024-06-28,30.774776458740234,30.473687362670898,31.0132657623291
2024-07-01,30.645597457885742,30.47319049835205,30.932612342834474
2024-07-02,30.874147415161133,30.511944675445555,30.873156509399415
2024-07-03,31.033138275146484,30.57156639099121,30.812723846435546
2024-07-05,31.818159103393555,30.633175563812255,30.770564765930175
2024-07-08,33.77574157714844,30.81055040359497,30.763202781677247
2024-07-09,34.3719596862793,31.001837062835694,30.755691108703612
2024-07-10,34.65019226074219,31.198588943481447,30.817677154541016
2024-07-11,33.2888298034668,31.32677583694458,30.862728576660157
2024-07-12,34.27259063720703,31.512100315093996,30.94507148742676
2024-07-15,34.242774963378906,31.710839462280273,31.028797416687013
2024-07-16,34.12353515625,31.904113388061525,31.107367477416993
2024-07-17,34.242774963378906,32.07701644897461,31.18060287475586
2024-07-18,34.65019226074219,32.287680053710936,31.258111190795898
2024-07-19,32.7721061706543,32.404936122894284,31.30382122039795
2024-07-22,33.15964889526367,32.51821756362915,31.370796356201172
2024-07-23,32.7422981262207,32.63646755218506,31.42763584136963
2024-07-24,31.50017547607422,32.68416500091553,31.46440258026123
2024-07-25,30.90395736694336,32.71198844909668,31.47612819671631
2024-07-26,31.152381896972656,32.74974889755249,31.482090377807616
2024-07-29,30.63566017150879,32.74279308319092,31.473345832824705
2024-07-30,29.94007110595703,32.707516765594484,31.43558536529541
2024-07-31,30.546226501464844,32.69112071990967,31.41392276763916
2024-08-01,28.866878509521484,32.58280773162842,31.35330726623535
2024-08-02,21.3445987701416,32.05912971496582,31.149400787353514
2024-08-05,19.983234405517578,31.369504356384276,30.924626655578614
2024-08-06,19.704999923706055,30.636156368255616,30.720918922424318
2024-08-07,18.989999771118164,29.853146743774413,30.490191879272462
2024-08-08,20.489999771118164,29.21320524215698,30.28270767211914
2024-08-09,19.709999084472656,28.485075664520263,30.078106231689453
2024-08-12,19.360000610351562,27.740936946868896,29.86531234741211
2024-08-13,20.469999313354492,27.05826015472412,29.661601638793947
2024-08-14,19.920000076293945,26.342121410369874,29.458020362854004
2024-08-15,20.690000534057617,25.644111824035644,29.27500629425049
2024-08-16,20.8700008392334,25.0490065574646,29.0806867980957
2024-08-19,21.520000457763672,24.4670241355896,28.906521911621095
2024-08-20,20.989999771118164,23.87940921783447,28.71539737701416
2024-08-21,21.40999984741211,23.37490043640137,28.52929428100586
2024-08-22,20.100000381469727,22.834702587127687,28.316792449951173
2024-08-23,20.540000915527344,22.30408353805542,28.116270446777342
2024-08-26,20.1299991607666,21.77880048751831,27.91351058959961
2024-08-27,20.06999969482422,21.28529691696167,27.709749450683592
2024-08-28,19.610000610351562,20.738485622406007,27.48625518798828
2024-08-29,20.1299991607666,20.30164165496826,27.2801167678833
2024-08-30,22.040000915527344,20.33641176223755,27.112377090454103
2024-09-03,20.100000381469727,20.342250061035156,26.89649669647217
2024-09-04,19.43000030517578,20.328500080108643,26.677550735473634
2024-09-05,19.399999618530273,20.34900007247925,26.454626197814942
2024-09-06,18.889999389648438,20.26900005340576,26.225476417541504
2024-09-09,19.06999969482422,20.23700008392334,25.99893295288086
2024-09-10,18.979999542236328,20.21800003051758,25.76303741455078
2024-09-11,19.639999389648438,20.176500034332275,25.542925453186037
2024-09-12,19.360000610351562,20.148500061035158,25.312642517089845
2024-09-13,19.65999984741211,20.09700002670288,25.085179748535158
2024-09-16,20.90999984741211,20.098999977111816,24.86701656341553
2024-09-17,21.469999313354492,20.096499919891357,24.62090171813965
2024-09-18,20.770000457763672,20.085499954223632,24.348862533569335
2024-09-19,21.139999389648438,20.071999931335448,24.078658676147462
2024-09-20,21.84000015258789,20.158999919891357,23.84968208312988
2024-09-23,22.559999465942383,20.25999984741211,23.61543025970459
2024-09-24,22.809999465942383,20.3939998626709,23.38677474975586
2024-09-25,23.540000915527344,20.567499923706055,23.175104064941408
2024-09-26,23.920000076293945,20.782999897003172,22.968648567199708
2024-09-27,23.90999984741211,20.97199993133545,22.753844718933106
2024-09-30,23.459999084472656,21.042999839782716,22.567602577209474
2024-10-01,22.690000534057617,21.17249984741211,22.35820960998535
2024-10-02,22.389999389648438,21.32049980163574,22.151163635253905
2024-10-03,22.260000228881836,21.46349983215332,21.966360130310058
2024-10-04,22.59000015258789,21.64849987030029,21.800080986022948
2024-10-07,22.3799991607666,21.81399984359741,21.624633331298828
2024-10-08,23.31999969482422,22.030999851226806,21.478320121765137
2024-10-09,23.459999084472656,22.221999835968017,21.34871868133545
2024-10-10,23.219999313354492,22.414999771118165,21.202194137573244
2024-10-11,23.559999465942383,22.60999975204468,21.09605655670166
2024-10-14,23.440000534057617,22.736499786376953,21.13796459197998
2024-10-15,22.65999984741211,22.795999813079835,21.19149990081787
2024-10-16,22.309999465942383,22.87299976348877,21.243599891662598
2024-10-17,22.440000534057617,22.93799982070923,21.31259990692139
2024-10-18,22.770000457763672,22.984499835968016,21.358199920654297
2024-10-21,22.84000015258789,22.998499870300293,21.4207999420166
2024-10-22,22.399999618530273,22.977999877929687,21.481599922180177
2024-10-23,21.979999542236328,22.899999809265136,21.511799926757813
2024-10-24,22.34000015258789,22.820999813079833,21.56019992828369
2024-10-25,22.68000030517578,22.75949983596802,21.599999923706054
2024-10-28,22.920000076293945,22.732499885559083,21.640999908447267
2024-10-29,22.899999618530273,22.742999839782716,21.6685998916626
2024-10-30,22.299999237060547,22.73849983215332,21.694799880981446
2024-10-31,21.520000457763672,22.70149984359741,21.696999893188476
2024-11-01,23.200000762939453,22.73199987411499,21.75899990081787
2024-11-04,22.520000457763672,22.738999938964845,21.798599891662597
2024-11-05,23.31999969482422,22.738999938964845,21.86239990234375
2024-11-06,25.049999237060547,22.818499946594237,21.961999893188477
2024-11-07,26.229999542236328,22.96899995803833,22.094399871826173
2024-11-08,26.200000762939453,23.101000022888183,22.21579990386963
2024-11-11,25.049999237060547,23.18149995803833,22.275999870300293
2024-11-12,24.15999984741211,23.25649995803833,22.35719985961914
2024-11-13,24.920000076293945,23.386999988555907,22.466999855041504
2024-11-14,25.030000686645508,23.516499996185303,22.579599876403808
2024-11-15,24.350000381469727,23.595499992370605,22.688799896240234
2024-11-18,24.84000015258789,23.695499992370607,22.804199905395507
2024-11-19,24.200000762939453,23.785500049591064,22.90859992980957
2024-11-20,24.010000228881836,23.88700008392334,22.99599994659424
2024-11-21,24.440000534057617,23.992000102996826,23.09759994506836
2024-11-22,24.5,24.083000087738036,23.194399948120118
2024-11-25,24.8700008392334,24.18050012588501,23.273599967956542
2024-11-26,24.049999237060547,24.238000106811523,23.325199966430663
2024-11-27,23.649999618530273,24.30550012588501,23.382799949645996
2024-11-29,24.049999237060547,24.432000064849852,23.44099994659424
2024-12-02,23.93000030517578,24.46850004196167,23.482799949645997
2024-12-03,22.469999313354492,24.46599998474121,23.48099994659424
2024-12-04,21.959999084472656,24.397999954223632,23.463999938964843
2024-12-05,20.799999237060547,24.185499954223634,23.409199905395507
2024-12-06,20.920000076293945,23.919999980926512,23.34919990539551
2024-12-09,20.809999465942383,23.65049991607666,23.287199897766115
2024-12-10,20.15999984741211,23.40599994659424,23.221199913024904
2024-12-11,20.1200008392334,23.203999996185303,23.16979991912842
2024-12-12,20.780000686645508,22.99700002670288,23.13759994506836
2024-12-13,20.34000015258789,22.7625,23.09919994354248
2024-12-16,20.829999923706055,22.586499977111817,23.063999938964844
2024-12-17,20.440000534057617,22.366499996185304,23.025199966430662
2024-12-18,19.299999237060547,22.121499919891356,22.94479995727539
2024-12-19,19.059999465942383,21.873999881744385,22.856799964904784
2024-12-20,19.520000457763672,21.62799987792969,22.78279998779297
2024-12-23,20.200000762939453,21.41299991607666,22.71560001373291
2024-12-24,20.399999618530273,21.189499855041504,22.654799995422362
2024-12-26,20.440000534057617,21.00899991989136,22.610400009155274
2024-12-27,20.299999237060547,20.841499900817873,22.570200004577636
2024-12-30,19.81999969482422,20.629999923706055,22.51779998779297
2024-12-31,20.049999237060547,20.435999870300293,22.463399963378905
2025-01-02,20.219999313354492,20.323499870300292,22.410999946594238
2025-01-03,20.559999465942383,20.253499889373778,22.37419994354248
2025-01-06,19.8700008392334,20.20699996948242,22.33199996948242
2025-01-07,20.010000228881836,20.161499977111816,22.2853999710083
2025-01-08,19.8799991607666,20.114999961853027,22.22939994812012
2025-01-10,19.149999618530273,20.064499950408937,22.153999938964844
2025-01-13,19.200000762939453,20.01849994659424,22.079999961853026
2025-01-14,19.200000762939453,19.939499950408937,22.017999992370605
2025-01-15,19.719999313354492,19.908499908447265,21.981999969482423
2025-01-16,19.670000076293945,19.85049991607666,21.911399955749513
2025-01-17,21.489999771118164,19.902999877929688,21.890799942016603
2025-01-21,21.770000457763672,20.026499938964843,21.859799957275392
2025-01-22,21.860000610351562,20.1664999961853,21.79599998474121
2025-01-23,21.56999969482422,20.26899995803833,21.702799987792968
2025-01-24,20.829999923706055,20.30049991607666,21.5953999710083
2025-01-27,20.290000915527344,20.294999980926512,21.500200004577636
2025-01-28,19.799999237060547,20.26299991607666,21.412999992370604
2025-01-29,19.75,20.235499954223634,21.309599990844728
2025-01-30,20.010000228881836,20.244999980926515,21.20919998168945
2025-01-31,19.43000030517578,20.214000034332276,21.110799980163574
2025-02-03,19.3799991607666,20.172000026702882,21.001599960327148
2025-02-04,19.290000915527344,20.10850009918213,20.903399963378906
2025-02-05,19.649999618530273,20.097500038146972,20.816199951171875
2025-02-06,19.3799991607666,20.06599998474121,20.714999923706056
2025-02-07,19.100000381469727,20.02700004577637,20.606999931335448
2025-02-10,19.770000457763672,20.058000087738037,20.504999923706055
2025-02-11,20.969999313354492,20.146500015258788,20.443399925231933
2025-02-12,22.479999542236328,20.310499954223634,20.419999923706055
2025-02-13,24.1299991607666,20.53099994659424,20.421599922180175
2025-02-14,23.600000381469727,20.727499961853027,20.414999923706056
2025-02-18,27.389999389648438,21.02249994277954,20.513399925231933
2025-02-19,25.719999313354492,21.219999885559083,20.588599929809572
2025-02-20,26.09000015258789,21.431499862670897,20.694399948120118
2025-02-21,24.8700008392334,21.596499919891357,20.773399963378907
2025-02-24,24.270000457763672,21.76849994659424,20.842599983215333
2025-02-25,22.989999771118164,21.90349988937378,20.899199981689453
2025-02-26,23.520000457763672,22.089499950408936,20.96719997406006
2025-02-27,23.09000015258789,22.25649995803833,21.013399963378905
2025-02-28,23.729999542236328,22.442499923706055,21.081199951171875
2025-03-03,22.739999771118164,22.607999897003175,21.11939994812012
2025-03-04,21.329999923706055,22.705499935150147,21.137199935913085
2025-03-05,20.809999465942383,22.7814998626709,21.16739994049072
2025-03-06,20.75,22.836499881744384,21.201199951171876
2025-03-07,20.639999389648438,22.899499893188477,21.22359992980957
2025-03-10,19.93000030517578,22.940999889373778,21.218199920654296
2025-03-11,19.780000686645508,22.94149990081787,21.2057999420166
2025-03-12,20.68000030517578,22.926999950408934,21.210599937438964
2025-03-13,23.700000762939453,22.988000011444093,21.27859996795654
2025-03-14,24.049999237060547,22.98400001525879,21.36319995880127
2025-03-17,25.690000534057617,23.088500022888184,21.47599998474121
2025-03-18,25.920000076293945,23.01500005722046,21.59
2025-03-19,24.1200008392334,22.935000133514404,21.66120002746582
2025-03-20,23.959999084472656,22.828500080108643,21.742999992370606
2025-03-21,24.260000228881836,22.798000049591064,21.827999992370607
2025-03-24,24.219999313354492,22.795499992370605,21.914799995422364
2025-03-25,24.200000762939453,22.85600004196167,22.015800018310546
2025-03-26,23.420000076293945,22.851000022888183,22.100200004577637
2025-03-27,23.6200008392334,22.87750005722046,22.188600006103517
2025-03-28,22.709999084472656,22.826500034332277,22.24840000152588
2025-03-31,22.709999084472656,22.825,22.309199981689453
2025-04-01,22.049999237060547,22.860999965667723,22.3203999710083
2025-04-02,21.979999542236328,22.919499969482423,22.324599952697753
2025-04-03,22.43000030517578,23.00349998474121,22.33599994659424
2025-04-04,19.850000381469727,22.964000034332276,22.30159996032715
2025-04-07,19.56999969482422,22.946000003814696,22.27639995574951
2025-04-08,18.1299991607666,22.863499927520753,22.233199920654297
2025-04-09,21.530000686645508,22.90599994659424,22.267799949645998
2025-04-10,19.8799991607666,22.714999866485595,22.270399932861327
2025-04-11,19.739999771118164,22.499499893188478,22.264999923706053
2025-04-14,20.309999465942383,22.230499839782716,22.282599906921387
2025-04-15,19.850000381469727,21.926999855041505,22.29199993133545
2025-04-16,19.229999542236328,21.68249979019165,22.29079990386963
2025-04-17,18.93000030517578,21.430999851226808,22.27639991760254
2025-04-21,18.84000015258789,21.15999984741211,22.265599937438964
2025-04-22,19.510000228881836,20.924499893188475,22.273799934387206
2025-04-23,20.59000015258789,20.743999862670897,22.29019992828369
2025-04-24,21.489999771118164,20.64749984741211,22.300599937438964
2025-04-25,20.049999237060547,20.468999767303465,22.251999931335448
2025-04-28,20.510000228881836,20.358999824523927,22.179599952697753
2025-04-29,20.34000015258789,20.240499877929686,22.114399948120116
2025-04-30,20.100000381469727,20.142999935150147,21.968599967956543
2025-05-01,19.979999542236328,20.042999935150146,21.85379997253418
2025-05-02,20.6200008392334,19.95249996185303,21.74439998626709
2025-05-05,20.270000457763672,19.973499965667724,21.652399978637696
2025-05-06,19.940000534057617,19.992000007629393,21.565799980163575
2025-05-07,20.309999465942383,20.101000022888183,21.51219997406006
2025-05-08,21.0,20.074499988555907,21.461799964904785
2025-05-09,21.420000076293945,20.151500034332276,21.428399963378908
2025-05-12,22.18000030517578,20.273500061035158,21.397399978637694
2025-05-13,22.559999465942383,20.386000061035155,21.39379997253418
2025-05-14,21.520000457763672,20.469500064849854,21.397599983215333
2025-05-15,21.549999237060547,20.585500049591065,21.412399978637694
2025-05-16,21.65999984741211,20.72200002670288,21.430599975585938
2025-05-19,21.3799991607666,20.848999977111816,21.4453999710083
2025-05-20,21.270000457763672,20.936999988555907,21.472199974060057
2025-05-21,20.690000534057617,20.942000007629396,21.4903999710083
2025-05-22,20.549999237060547,20.894999980926514,21.487799949645996
2025-05-23,20.049999237060547,20.894999980926514,21.414799919128416
2025-05-27,20.549999237060547,20.89699993133545,21.34479991912842
2025-05-28,20.3700008392334,20.898499965667725,21.238399925231935
2025-05-29,20.25,20.90599994659424,21.124999923706056
2025-05-30,19.549999237060547,20.884499931335448,21.033599891662597
2025-06-02,19.739999771118164,20.840499877929688,20.949199905395506
2025-06-03,20.290000915527344,20.841499900817873,20.86979991912842
2025-06-04,20.25,20.85699987411499,20.790399932861327
2025-06-05,19.989999771118164,20.84099988937378,20.706199913024903
2025-06-06,20.059999465942383,20.793999862670898,20.638999900817872
2025-06-09,20.479999542236328,20.74699983596802,20.57619987487793
2025-06-10,22.079999923706055,20.74199981689453,20.563599891662598
2025-06-11,20.68000030517578,20.647999858856203,20.52299991607666
2025-06-12,20.770000457763672,20.6104998588562,20.497399940490723
2025-06-13,20.139999389648438,20.539999866485594,20.460599937438964
2025-06-16,20.739999771118164,20.493999862670897,20.426799926757813
2025-06-17,20.799999237060547,20.464999866485595,20.445799903869627
2025-06-18,21.489999771118164,20.47599983215332,20.484199905395506
2025-06-20,21.079999923706055,20.49549980163574,20.543199920654295
2025-06-23,21.190000534057617,20.527499866485595,20.536399917602537
2025-06-24,22.549999237060547,20.652499866485595,20.589799919128417
2025-06-25,22.200000762939453,20.73499994277954,20.638999938964844
2025-06-26,22.5,20.841499900817873,20.682799949645997
2025-06-27,22.690000534057617,20.96349992752075,20.739599952697755
2025-06-30,22.399999618530273,21.10599994659424,20.802999954223633
2025-07-01,22.850000381469727,21.261499977111818,20.88139995574951
2025-07-02,21.8799991607666,21.34099988937378,20.942199935913084
2025-07-03,22.489999771118164,21.452999877929688,21.001799926757812
2025-07-07,22.0,21.55349988937378,21.029999923706054
2025-07-08,23.59000015258789,21.729999923706053,21.071999931335448
2025-07-09,23.440000534057617,21.87799997329712,21.13979995727539
2025-07-10,23.81999969482422,21.964999961853028,21.20599994659424
2025-07-11,23.43000030517578,22.102499961853027,21.267799949645998
2025-07-14,23.299999237060547,22.228999900817872,21.331799926757814
2025-07-15,22.920000076293945,22.367999935150145,21.390599937438964
2025-07-16,22.690000534057617,22.46549997329712,21.43199993133545
2025-07-17,22.799999237060547,22.56549997329712,21.482599906921386
2025-07-18,23.100000381469727,22.6460000038147,21.54579990386963
2025-07-21,23.260000228881836,22.755000019073485,21.604799919128418
2025-07-22,23.239999771118164,22.857499980926512,21.64959991455078
2025-07-23,23.489999771118164,22.904500007629395,21.690999908447267
2025-07-24,22.6299991607666,22.925999927520753,21.69999988555908
2025-07-25,20.700000762939453,22.835999965667725,21.66279991149902
2025-07-28,20.68000030517578,22.735499954223634,21.645999908447266
2025-07-29,20.40999984741211,22.635999965667725,21.623199920654297
2025-07-30,20.34000015258789,22.510499954223633,21.59679992675781
2025-07-31,19.799999237060547,22.40649995803833,21.56519992828369
2025-08-01,19.309999465942383,22.24749994277954,21.525999908447265
2025-08-04,19.5,22.12249994277954,21.502199897766115
2025-08-05,20.190000534057617,21.95249996185303,21.494999923706054
2025-08-06,20.40999984741211,21.800999927520753,21.502199935913087
2025-08-07,19.770000457763672,21.598499965667724,21.486599960327148
2025-08-08,19.950000762939453,21.424499988555908,21.47819995880127
2025-08-11,20.649999618530273,21.292000007629394,21.486199951171876
2025-08-12,21.809999465942383,21.236499977111816,21.53139995574951
2025-08-13,22.219999313354492,21.21299991607666,21.58099994659424
2025-08-14,23.860000610351562,21.26599998474121,21.652399940490724
2025-08-15,24.559999465942383,21.338999938964843,21.73859992980957
2025-08-18,23.65999984741211,21.358999919891357,21.81199993133545
2025-08-19,25.309999465942383,21.46249990463257,21.91699993133545
2025-08-20,23.540000915527344,21.464999961853028,21.97819995880127
2025-08-21,23.5,21.508500003814696,22.006599960327147
2025-08-22,24.799999237060547,21.71349992752075,22.088999938964843
2025-08-25,24.549999237060547,21.90699987411499,22.16459991455078
2025-08-26,24.350000381469727,22.103999900817872,22.248799934387208
2025-08-27,24.850000381469727,22.329499912261962,22.33099994659424
2025-08-28,24.93000030517578,22.585999965667725,22.413599967956543
2025-08-29,24.350000381469727,22.83800001144409,22.470799980163573
2025-09-02,24.209999084472656,23.073499965667725,22.533399963378905
2025-09-03,24.0,23.263999938964844,22.589599952697753
2025-09-04,24.610000610351562,23.473999977111816,22.630799980163573
2025-09-05,24.489999771118164,23.70999994277954,22.67659996032715
2025-09-08,24.479999542236328,23.936499881744385,22.716199951171873
2025-09-09,24.440000534057617,24.125999927520752,22.751199951171873
2025-09-10,24.770000457763672,24.273999977111817,22.798599967956545
2025-09-11,24.610000610351562,24.39350004196167,22.83379997253418
2025-09-12,24.079999923706055,24.404500007629395,22.87779998779297
2025-09-15,24.770000457763672,24.41500005722046,22.923400001525877
2025-09-16,25.270000457763672,24.495500087738037,22.988800010681153
2025-09-17,24.899999618530273,24.47500009536743,23.015
2025-09-18,30.56999969482422,24.826500034332277,23.15759998321533
2025-09-19,29.579999923706055,25.130500030517577,23.27279998779297
2025-09-22,28.760000228881836,25.328500080108643,23.37939998626709
2025-09-23,29.34000015258789,25.56800012588501,23.500200004577636
2025-09-24,31.219999313354492,25.91150007247925,23.666199989318848
2025-09-25,33.9900016784668,26.3685001373291,23.89220001220703
2025-09-26,35.5,26.897000122070313,24.14620002746582
2025-09-29,34.47999954223633,27.403500080108643,24.37380001068115
2025-09-30,33.54999923706055,27.870500087738037,24.579599990844727
2025-10-01,35.939998626708984,28.467500019073487,24.833599967956545
2025-10-02,37.29999923706055,29.101999950408935,25.109799957275392
2025-10-03,36.83000183105469,29.71900005340576,25.39380001068115
2025-10-06,36.59000015258789,30.32450008392334,25.71159999847412
2025-10-07,37.16999816894531,30.960999965667725,26.04139995574951
2025-10-08,37.43000030517578,31.59399995803833,26.381799964904786
2025-10-09,37.79999923706055,32.25349988937378,26.73099994659424
2025-10-10,36.369998931884766,32.86799983978271,27.06239994049072
2025-10-13,37.220001220703125,33.490499877929686,27.420599975585937
2025-10-14,35.630001068115234,34.00849990844726,27.743199996948242
2025-10-15,37.150001525878906,34.6210000038147,28.082400016784668
2025-10-16,36.84000015258789,34.93450002670288,28.411000022888185
2025-10-17,37.0099983215332,35.30599994659424,28.755799980163573
2025-10-20,38.099998474121094,35.7729998588562,29.11879993438721
2025-10-21,38.119998931884766,36.21199979782104,29.468199920654296
2025-10-22,36.91999816894531,36.496999740600586,29.770399894714355
2025-10-23,38.15999984741211,36.70549964904785,30.089199905395507
2025-10-24,38.279998779296875,36.844499588012695,30.377599868774414
2025-10-27,39.540000915527344,37.09749965667724,30.677199897766112
2025-10-28,41.529998779296875,37.496499633789064,31.03459987640381
2025-10-29,41.34000015258789,37.76649971008301,31.355199890136717
2025-10-30,40.15999984741211,37.90949974060059,31.687599868774413
2025-10-31,39.9900016784668,38.06749973297119,32.01739990234375
2025-11-03,39.5,38.212999725341795,32.311399917602536
2025-11-04,37.029998779296875,38.205999755859374,32.560999908447265
2025-11-05,38.380001068115234,38.253499794006345,32.84159992218017
2025-11-06,37.2400016784668,38.22549991607666,33.08939994812012
2025-11-07,38.130001068115234,38.313500022888185,33.353399963378905
2025-11-10,38.45000076293945,38.375,33.6353999710083
2025-11-11,37.880001068115234,38.4875,33.908800010681155
2025-11-12,37.88999938964844,38.52449989318848,34.18659999847412
2025-11-13,35.90999984741211,38.47799987792969,34.41259998321533
2025-11-14,35.52000045776367,38.40349998474121,34.63319999694824
2025-11-17,34.709999084472656,38.234000015258786,34.83779998779297
2025-11-18,34.33000183105469,38.04450016021728,35.03560001373291
2025-11-19,35.11000061035156,37.954000282287595,35.24240001678467
2025-11-20,33.619998931884766,37.72700023651123,35.422599983215335
2025-11-21,34.5,37.53800029754639,35.63099998474121
2025-11-24,35.790000915527344,37.35050029754639,35.851399993896486
2025-11-25,35.83000183105469,37.06550045013428,36.06260002136231
2025-11-26,36.810001373291016,36.83900051116943,36.30080005645752
2025-11-28,40.560001373291016,36.85900058746338,36.50060009002686
2025-12-01,40.0099983215332,36.860000419616696,36.709200057983395
2025-12-02,43.470001220703125,37.05850048065186,37.003400077819826
2025-12-03,43.7599983215332,37.39500045776367,37.291800041198734
2025-12-04,40.5,37.50100040435791,37.47740005493164
2025-12-05,41.40999984741211,37.709500312805176,37.62580001831055
2025-12-08,40.29999923706055,37.81800022125244,37.721800003051754
2025-12-09,40.5,37.92050018310547,37.84220001220703
2025-12-10,40.779998779296875,38.06550006866455,37.986800003051755
2025-12-11,39.5099983215332,38.14650001525879,38.05819999694824
2025-12-12,37.810001373291016,38.24150009155274,38.06840003967285
2025-12-15,37.5099983215332,38.34099998474121,38.081999969482425
2025-12-16,37.310001373291016,38.47100009918213,38.09639999389648
2025-12-17,36.04999923706055,38.55699996948242,38.07400001525879
2025-12-18,36.279998779296875,38.615499877929686,38.05099998474121
2025-12-19,36.81999969482422,38.77549991607666,38.031399993896486
2025-12-22,36.369998931884766,38.8689998626709,38.031399993896486
2025-12-23,36.349998474121094,38.896999740600585,38.013999938964844
2025-12-24,36.15999984741211,38.913499641418454,38.024599914550784
2025-12-26,36.20000076293945,38.88299961090088,38.005599899291994
2025-12-29,36.68000030517578,38.688999557495116,38.00239990234375
2025-12-30,37.29999923706055,38.55349960327148,38.0081999206543
2025-12-31,36.900001525878906,38.224999618530276,37.98419998168945
2026-01-02,39.380001068115234,38.00599975585938,38.00940002441406
2026-01-05,39.369998931884766,37.949499702453615,38.058400039672854
2026-01-06,40.040000915527344,37.88099975585938,38.096000061035156
2026-01-07,42.630001068115234,37.99749984741211,38.18300010681153
2026-01-08,41.11000061035156,38.02799987792969,38.214400100708005
2026-01-09,45.54999923706055,38.26649990081787,38.29480010986328
2026-01-12,44.060001373291016,38.49400005340576,38.349200134277346
2026-01-13,47.290000915527344,38.96800003051758,38.49180015563965
